-- phpMyAdmin SQL Dump
-- version 5.2.1
-- https://www.phpmyadmin.net/
--
-- Host: 127.0.0.1
-- Generation Time: Mar 26, 2025 at 12:06 PM
-- Server version: 10.4.32-MariaDB
-- PHP Version: 8.0.30

SET SQL_MODE = "NO_AUTO_VALUE_ON_ZERO";
START TRANSACTION;
SET time_zone = "+00:00";


/*!40101 SET @OLD_CHARACTER_SET_CLIENT=@@CHARACTER_SET_CLIENT */;
/*!40101 SET @OLD_CHARACTER_SET_RESULTS=@@CHARACTER_SET_RESULTS */;
/*!40101 SET @OLD_COLLATION_CONNECTION=@@COLLATION_CONNECTION */;
/*!40101 SET NAMES utf8mb4 */;

--
-- Database: `kot`
--

-- --------------------------------------------------------

--
-- Table structure for table `categories`
--

CREATE TABLE `categories` (
  `id` int(11) NOT NULL,
  `name` varchar(100) NOT NULL,
  `description` text DEFAULT NULL,
  `is_deleted` tinyint(1) NOT NULL DEFAULT 0,
  `created_at` datetime NOT NULL,
  `updated_at` datetime NOT NULL
) ENGINE=InnoDB DEFAULT CHARSET=utf8mb4 COLLATE=utf8mb4_general_ci;

--
-- Dumping data for table `categories`
--

INSERT INTO `categories` (`id`, `name`, `description`, `is_deleted`, `created_at`, `updated_at`) VALUES
(1, 'soups', 'tasty tasty', 0, '2025-02-07 10:02:46', '2025-03-13 11:14:48'),
(2, 'Biryani', 'high flavour', 0, '2025-02-07 10:04:27', '2025-03-13 11:11:13'),
(3, 'Snacks', 'tea, coffee and all', 0, '2025-02-07 10:07:16', '2025-02-08 11:51:32'),
(14, 'Vegetarian', '', 0, '2025-02-10 04:33:26', '2025-02-10 04:33:26'),
(15, 'Chinese', '', 0, '2025-02-10 04:33:36', '2025-03-13 11:10:40'),
(16, 'Desserts', '', 0, '2025-02-10 04:33:48', '2025-02-10 04:33:48'),
(17, 'Kebabs', '', 0, '2025-02-10 04:33:58', '2025-02-10 04:33:58'),
(18, 'Indian Special', '', 0, '2025-02-10 04:34:09', '2025-02-10 04:34:09'),
(19, 'Thali', '', 0, '2025-02-10 04:34:18', '2025-02-10 04:34:18'),
(20, 'Beverages', '', 0, '2025-02-10 04:34:29', '2025-02-10 04:34:29'),
(21, 'Rice', '', 0, '2025-02-10 04:34:37', '2025-02-10 04:34:37'),
(27, 'Ice cream ', '', 0, '2025-03-11 15:28:11', '2025-03-11 15:28:11'),
(34, 'dosai', '', 0, '2025-03-22 16:50:06', '2025-03-22 16:50:06'),
(35, 'parotta', '', 0, '2025-03-25 17:54:49', '2025-03-25 17:54:49');

-- --------------------------------------------------------

--
-- Table structure for table `cooking_comments`
--

CREATE TABLE `cooking_comments` (
  `id` int(11) NOT NULL,
  `category_id` int(11) DEFAULT NULL,
  `comments` text NOT NULL,
  `is_deleted` tinyint(1) NOT NULL DEFAULT 0,
  `created_at` datetime NOT NULL,
  `updated_at` datetime NOT NULL
) ENGINE=InnoDB DEFAULT CHARSET=utf8mb4 COLLATE=utf8mb4_general_ci;

--
-- Dumping data for table `cooking_comments`
--

INSERT INTO `cooking_comments` (`id`, `category_id`, `comments`, `is_deleted`, `created_at`, `updated_at`) VALUES
(1, 1, 'less salt', 0, '2025-03-03 11:20:56', '2025-03-10 14:51:51'),
(2, 3, 'with ketchup', 0, '2025-03-03 16:06:52', '2025-03-03 16:06:52'),
(3, 3, 'without ketup', 0, '2025-03-03 16:07:00', '2025-03-03 16:07:00'),
(4, 21, 'without onions', 0, '2025-03-03 16:08:21', '2025-03-04 18:13:31'),
(5, 2, 'with raita', 0, '2025-03-03 16:08:34', '2025-03-11 15:43:08'),
(6, 15, 'mayonaise', 0, '2025-03-03 16:08:55', '2025-03-03 16:08:55'),
(7, 1, 'No salt', 0, '2025-03-03 16:44:43', '2025-03-10 14:51:48'),
(8, 2, 'Less hot', 0, '2025-03-03 17:55:29', '2025-03-13 09:33:52'),
(9, 1, 'more spicy', 0, '2025-03-04 09:53:25', '2025-03-04 09:53:48'),
(10, 14, 'more coriander', 0, '2025-03-04 16:06:10', '2025-03-04 16:06:10'),
(11, 16, 'more fruits', 0, '2025-03-04 16:06:34', '2025-03-04 16:06:34'),
(12, 17, 'more deep fried ', 0, '2025-03-04 16:06:55', '2025-03-04 16:06:55'),
(13, 18, 'more spices', 0, '2025-03-04 16:09:08', '2025-03-04 16:09:08'),
(14, 19, 'big platter', 0, '2025-03-04 16:09:22', '2025-03-04 16:09:22'),
(15, 20, 'more sweet', 0, '2025-03-04 16:09:44', '2025-03-04 16:09:44'),
(33, 2, 'less spicy', 0, '2025-03-06 09:21:54', '2025-03-13 09:37:01'),
(34, 2, 'more spicy', 0, '2025-03-06 09:21:59', '2025-03-06 09:21:59'),
(35, 2, 'less salt', 0, '2025-03-06 09:22:04', '2025-03-06 09:22:04'),
(36, 2, 'more salt', 0, '2025-03-06 09:22:15', '2025-03-06 09:22:15'),
(37, 2, 'boneless meat', 0, '2025-03-06 09:22:34', '2025-03-13 09:37:39'),
(38, 2, 'more bone meat', 0, '2025-03-06 09:22:51', '2025-03-06 09:22:51'),
(39, 2, 'gravy included', 0, '2025-03-06 09:23:10', '2025-03-06 09:23:10'),
(40, 2, 'gravy not included', 0, '2025-03-06 09:23:18', '2025-03-06 09:23:18'),
(41, 2, 'no ghee', 0, '2025-03-06 09:23:43', '2025-03-06 09:23:43'),
(42, 2, 'more ghee', 0, '2025-03-06 09:23:52', '2025-03-06 09:23:52'),
(43, 2, 'no onions ', 0, '2025-03-06 09:27:50', '2025-03-06 09:27:50'),
(44, 2, 'raw onion', 0, '2025-03-06 09:28:23', '2025-03-06 09:28:23'),
(45, 1, 'Less water', 0, '2025-03-11 15:43:46', '2025-03-11 15:43:46'),
(46, 1, 'extra vegetables', 0, '2025-03-13 09:38:25', '2025-03-13 15:27:55'),
(47, 1, 'extra thicc', 0, '2025-03-13 15:28:47', '2025-03-13 15:28:47'),
(48, 27, 'extra scoop', 0, '2025-03-22 15:13:05', '2025-03-22 15:13:05'),
(49, 27, 'choco syrup added', 0, '2025-03-22 15:13:27', '2025-03-22 15:13:27'),
(50, 34, 'roast', 0, '2025-03-22 16:53:56', '2025-03-22 16:53:56'),
(51, 34, 'ghee', 0, '2025-03-24 12:54:01', '2025-03-24 12:54:01'),
(52, 34, 'extra onion ', 0, '2025-03-24 12:54:16', '2025-03-24 12:54:16'),
(53, 35, 'non spicy', 0, '2025-03-25 18:04:01', '2025-03-25 18:04:01'),
(54, 35, 'double egg with spicy kolambu', 0, '2025-03-25 18:04:53', '2025-03-25 18:04:53');

-- --------------------------------------------------------

--
-- Table structure for table `customers`
--

CREATE TABLE `customers` (
  `id` int(11) NOT NULL,
  `name` varchar(100) NOT NULL,
  `phone` varchar(15) NOT NULL,
  `is_deleted` tinyint(1) NOT NULL DEFAULT 0,
  `created_at` datetime NOT NULL,
  `updated_at` datetime NOT NULL
) ENGINE=InnoDB DEFAULT CHARSET=utf8mb4 COLLATE=utf8mb4_general_ci;

--
-- Dumping data for table `customers`
--

INSERT INTO `customers` (`id`, `name`, `phone`, `is_deleted`, `created_at`, `updated_at`) VALUES
(1, 'sudharsan', '9688844421', 0, '2025-02-10 10:30:30', '2025-02-10 10:32:22'),
(2, 'swathi magizhni', '8428452251', 0, '2025-02-10 10:31:18', '2025-02-10 10:33:40'),
(3, 'vicky', '9517538426', 0, '2025-02-10 11:04:32', '2025-02-10 11:04:32'),
(6, 'visu', '9894598771', 0, '2025-02-10 11:13:18', '2025-02-10 11:13:18'),
(8, 'celine rosy', '7418529630', 0, '2025-02-11 04:35:19', '2025-02-11 04:35:19'),
(9, 'sugan', '5422268781', 0, '2025-02-11 04:41:50', '2025-02-11 04:41:50'),
(10, 'skylar', '9874563210', 0, '2025-02-11 04:54:29', '2025-02-11 04:54:29');

-- --------------------------------------------------------

--
-- Table structure for table `items`
--

CREATE TABLE `items` (
  `id` int(11) NOT NULL,
  `name` varchar(150) NOT NULL,
  `description` text DEFAULT NULL,
  `price` decimal(10,2) NOT NULL,
  `category_id` int(11) DEFAULT NULL,
  `image` text DEFAULT NULL,
  `status` enum('available','unavailable') NOT NULL,
  `is_deleted` tinyint(1) NOT NULL DEFAULT 0,
  `created_at` datetime NOT NULL,
  `updated_at` datetime NOT NULL
) ENGINE=InnoDB DEFAULT CHARSET=utf8mb4 COLLATE=utf8mb4_general_ci;

--
-- Dumping data for table `items`
--

INSERT INTO `items` (`id`, `name`, `description`, `price`, `category_id`, `image`, `status`, `is_deleted`, `created_at`, `updated_at`) VALUES
(1, 'clear soup veg', '', 2.50, 1, 'uploads\\items\\1739018059530.jpeg', 'available', 0, '2025-02-07 11:49:12', '2025-02-26 16:44:26'),
(3, 'veg biryani', '', 8.90, 14, 'uploads\\items\\1739018094642.jpeg', 'available', 0, '2025-02-07 11:56:01', '2025-02-10 05:56:34'),
(4, 'camel milk tea', '', 6.00, 3, 'uploads\\items\\1739018114395.jpeg', 'available', 0, '2025-02-07 11:57:45', '2025-02-10 05:00:18'),
(21, 'corn soup', '', 2.00, 1, 'uploads\\items\\1739165549910.jpeg', 'available', 0, '2025-02-10 05:13:08', '2025-02-10 05:32:29'),
(22, 'spicy soup', '', 5.50, 1, 'uploads\\items\\1739166101059.jpeg', 'available', 0, '2025-02-10 05:41:41', '2025-02-10 05:41:41'),
(23, 'Mutton Dhum Biryani', '', 16.90, 2, 'uploads\\items\\1739166857067.jpeg', 'available', 0, '2025-02-10 05:54:17', '2025-02-10 05:55:06'),
(24, 'Chicken Dhum Biryani', '', 13.90, 2, 'uploads\\items\\1739166894474.jpeg', 'available', 0, '2025-02-10 05:54:54', '2025-02-10 05:54:54'),
(25, 'fish biryani', '', 16.50, 2, 'uploads\\items\\1739166938715.jpeg', 'available', 0, '2025-02-10 05:55:38', '2025-02-10 05:55:38'),
(26, 'egg biryani', '', 12.90, 14, 'uploads\\items\\1739167153204.jpeg', 'available', 0, '2025-02-10 05:59:13', '2025-02-10 05:59:21'),
(27, 'Chicken 65', '', 14.50, 15, 'uploads\\items\\1739167209123.jpeg', 'available', 0, '2025-02-10 06:00:09', '2025-02-10 06:00:09'),
(28, 'Gobi manchurian', '', 12.50, 15, 'uploads\\items\\1739167271614.jpeg', 'available', 0, '2025-02-10 06:01:11', '2025-02-10 06:01:11'),
(29, 'mutton keema balls', '', 16.50, 15, 'uploads\\items\\1739167404333.jpeg', 'available', 0, '2025-02-10 06:03:24', '2025-02-10 06:03:24'),
(30, 'Fruit salad', '', 10.00, 16, 'uploads\\items\\1739167562641.jpeg', 'available', 0, '2025-02-10 06:06:02', '2025-02-10 06:06:02'),
(31, 'samosa', '', 4.00, 3, 'uploads\\items\\1739167600761.jpeg', 'available', 0, '2025-02-10 06:06:40', '2025-02-10 06:06:40'),
(32, 'onion pakoda', '', 4.50, 3, 'uploads\\items\\1739167625078.jpeg', 'available', 0, '2025-02-10 06:07:05', '2025-02-10 06:07:05'),
(33, 'tandoori', '', 14.50, 17, 'uploads\\items\\1739167680036.jpeg', 'available', 0, '2025-02-10 06:08:00', '2025-02-10 06:08:00'),
(34, 'murgh tikka', '', 15.90, 17, 'uploads\\items\\1739167720760.jpeg', 'available', 0, '2025-02-10 06:08:40', '2025-02-10 06:08:40'),
(35, 'dal makhani', '', 13.00, 18, 'uploads\\items\\1739167756723.jpeg', 'available', 0, '2025-02-10 06:09:16', '2025-02-10 06:09:16'),
(36, 'thangadi kebab', '', 18.00, 17, 'uploads\\items\\1739167815594.jpeg', 'available', 0, '2025-02-10 06:10:15', '2025-02-10 06:10:15'),
(37, 'North indian thali', '', 12.50, 19, 'uploads\\items\\1739167851900.jpeg', 'available', 0, '2025-02-10 06:10:51', '2025-02-10 06:10:51'),
(38, 'fresh juice', '', 3.70, 20, 'uploads\\items\\1739167884395.jpeg', 'available', 0, '2025-02-10 06:11:24', '2025-02-15 10:12:12'),
(39, 'chicken fried rice', '', 12.50, 21, 'uploads\\items\\1739167912212.jpeg', 'available', 0, '2025-02-10 06:11:52', '2025-02-10 06:11:52'),
(40, 'veg fried rice', '', 10.50, 21, 'uploads\\items\\1739167938364.jpeg', 'available', 0, '2025-02-10 06:12:18', '2025-03-24 12:52:16'),
(42, 'Ice cream Cone', '', 2.00, 27, 'uploads\\items\\1742013312273.jpg', 'available', 0, '2025-03-11 15:29:32', '2025-03-15 10:05:12'),
(43, 'mushroom rice', '', 14.00, 21, NULL, 'available', 0, '2025-03-14 15:06:25', '2025-03-14 15:06:25'),
(44, 'rava dosai', '', 15.00, 34, 'uploads\\items\\1742642468401.jpg', 'available', 0, '2025-03-22 16:51:08', '2025-03-22 16:51:08'),
(45, 'Kothu parotta', '', 60.00, 35, 'uploads\\items\\1742905670058.jpeg', 'available', 0, '2025-03-25 17:57:50', '2025-03-25 17:57:50');

-- --------------------------------------------------------

--
-- Table structure for table `orders`
--

CREATE TABLE `orders` (
  `id` int(11) NOT NULL,
  `customer_id` int(11) DEFAULT NULL,
  `table_id` int(11) DEFAULT NULL,
  `waiter_id` int(11) DEFAULT NULL,
  `status` enum('pending','in_progress','ready','served','cancelled') DEFAULT 'pending',
  `order_type` enum('dine_in','takeaway') NOT NULL,
  `total_amount` decimal(10,2) NOT NULL,
  `discount` int(11) DEFAULT NULL,
  `payment_type` enum('cash','card','qr','foc') DEFAULT NULL,
  `transaction_id` varchar(255) DEFAULT NULL,
  `proof` text DEFAULT NULL,
  `is_deleted` tinyint(1) NOT NULL DEFAULT 0,
  `created_at` datetime NOT NULL,
  `updated_at` datetime NOT NULL
) ENGINE=InnoDB DEFAULT CHARSET=utf8mb4 COLLATE=utf8mb4_general_ci;

--
-- Dumping data for table `orders`
--

INSERT INTO `orders` (`id`, `customer_id`, `table_id`, `waiter_id`, `status`, `order_type`, `total_amount`, `discount`, `payment_type`, `transaction_id`, `proof`, `is_deleted`, `created_at`, `updated_at`) VALUES
(3, NULL, 3, 4, 'served', 'dine_in', 9.81, 10, 'cash', NULL, NULL, 0, '2025-02-27 16:11:35', '2025-02-27 16:11:35'),
(5, NULL, 10, 4, 'served', 'dine_in', 20.14, 12, 'card', NULL, NULL, 0, '2025-02-27 16:37:36', '2025-02-27 16:37:36'),
(7, NULL, 2, 4, 'served', 'dine_in', 13.63, 0, 'foc', NULL, NULL, 0, '2025-02-27 16:51:31', '2025-02-27 16:51:31'),
(8, NULL, 1, 4, 'served', 'dine_in', 12.54, 8, 'cash', NULL, NULL, 0, '2025-02-27 17:30:19', '2025-02-27 17:30:19'),
(9, NULL, 10, 4, 'served', 'dine_in', 3.43, 15, 'card', NULL, NULL, 0, '2025-02-27 17:40:03', '2025-02-27 17:40:03'),
(10, NULL, 2, 4, 'served', 'dine_in', 45.67, 5, 'foc', NULL, NULL, 0, '2025-02-28 09:59:33', '2025-02-28 10:02:05'),
(11, NULL, 3, 4, 'served', 'dine_in', 26.70, 2, 'cash', NULL, NULL, 0, '2025-02-28 10:09:01', '2025-02-28 11:07:10'),
(12, NULL, 2, 4, 'served', 'dine_in', 12.80, 9, 'qr', 'DFG544', 'uploads\\proof\\1740632183984.jpg', 0, '2025-02-28 13:09:49', '2025-02-28 13:09:49'),
(14, NULL, 14, 6, 'served', 'takeaway', 14.17, 0, 'cash', NULL, NULL, 0, '2025-03-01 12:29:54', '2025-03-01 12:29:54'),
(15, NULL, 4, 6, 'served', 'dine_in', 39.03, 10, 'qr', 'SUD3854', 'uploads\\proof\\1740812598515.png', 0, '2025-03-01 12:32:13', '2025-03-01 12:33:18'),
(16, NULL, 5, 6, 'served', 'takeaway', 9.22, 5, 'qr', 'TYED474', 'uploads\\proof\\1740812660511.png', 0, '2025-03-01 12:34:20', '2025-03-01 12:34:20'),
(17, 3, NULL, NULL, 'pending', 'takeaway', 4.36, NULL, 'card', NULL, NULL, 0, '2025-03-01 12:42:04', '2025-03-01 12:42:04'),
(18, NULL, 16, 7, 'served', 'takeaway', 13.63, 0, 'card', NULL, NULL, 0, '2025-03-01 12:45:58', '2025-03-01 12:45:58'),
(19, NULL, 16, 7, 'served', 'dine_in', 15.80, 0, 'card', NULL, NULL, 0, '2025-03-01 12:49:20', '2025-03-01 13:13:30'),
(20, NULL, 1, 4, 'served', 'dine_in', 2.18, 0, 'card', NULL, NULL, 0, '2025-03-01 12:49:43', '2025-03-01 13:12:42'),
(21, NULL, 1, 4, 'served', 'dine_in', 18.54, 0, 'foc', NULL, NULL, 0, '2025-03-05 10:47:22', '2025-03-05 11:02:47'),
(22, NULL, 1, 4, 'served', 'dine_in', 23.82, 5, 'cash', NULL, NULL, 0, '2025-03-05 10:52:15', '2025-03-05 11:02:53'),
(23, NULL, 3, 4, 'served', 'dine_in', 14.17, 0, 'foc', NULL, NULL, 0, '2025-03-05 10:53:35', '2025-03-05 11:03:09'),
(24, NULL, 10, 4, 'served', 'dine_in', 18.42, 0, 'card', NULL, NULL, 0, '2025-03-05 10:55:03', '2025-03-05 11:03:03'),
(25, NULL, 2, 4, 'served', 'dine_in', 13.63, 0, 'card', NULL, NULL, 0, '2025-03-05 10:57:44', '2025-03-05 11:03:17'),
(26, NULL, 3, 4, 'served', 'dine_in', 10.90, 0, 'cash', NULL, NULL, 0, '2025-03-05 10:59:29', '2025-03-05 11:03:13'),
(27, NULL, 3, 4, 'served', 'dine_in', 9.70, 0, 'card', NULL, NULL, 0, '2025-03-05 11:32:52', '2025-03-06 09:28:44'),
(28, NULL, 3, 4, 'served', 'dine_in', 19.62, 0, 'cash', NULL, NULL, 0, '2025-03-05 12:09:47', '2025-03-06 09:28:48'),
(29, NULL, 10, 4, 'served', 'dine_in', 4.03, 0, 'cash', NULL, NULL, 0, '2025-03-05 12:14:18', '2025-03-06 09:28:58'),
(30, NULL, 3, 4, 'served', 'dine_in', 10.90, 0, 'card', NULL, NULL, 0, '2025-03-05 12:32:48', '2025-03-06 09:29:02'),
(31, NULL, 3, 4, 'served', 'dine_in', 4.03, 0, 'foc', NULL, NULL, 0, '2025-03-05 14:10:55', '2025-03-06 09:28:52'),
(32, NULL, 3, 4, 'served', 'dine_in', 6.54, 0, 'foc', NULL, NULL, 0, '2025-03-05 14:18:21', '2025-03-06 09:29:21'),
(35, NULL, 2, 4, 'served', 'dine_in', 17.98, 0, 'cash', NULL, NULL, 0, '2025-03-05 14:29:39', '2025-03-06 09:29:11'),
(36, NULL, 10, 4, 'served', 'dine_in', 61.37, 0, 'card', NULL, NULL, 0, '2025-03-05 14:32:23', '2025-03-06 09:29:15'),
(37, NULL, 3, 4, 'served', 'dine_in', 23.33, 0, 'foc', NULL, NULL, 0, '2025-03-06 10:41:58', '2025-03-06 12:41:08'),
(38, NULL, 1, 4, 'served', 'dine_in', 28.45, 10, 'card', NULL, NULL, 0, '2025-03-06 11:25:55', '2025-03-06 11:26:36'),
(39, NULL, 10, 4, 'served', 'takeaway', 28.67, 9, 'card', NULL, NULL, 0, '2025-03-06 12:49:46', '2025-03-06 12:49:46'),
(40, NULL, 13, 5, 'served', 'dine_in', 15.80, 0, 'foc', NULL, NULL, 0, '2025-03-07 09:27:08', '2025-03-07 09:27:20'),
(41, NULL, 15, 5, 'served', 'dine_in', 6.00, 0, 'cash', NULL, NULL, 0, '2025-03-07 09:30:18', '2025-03-08 10:41:36'),
(42, NULL, 3, 4, 'served', 'dine_in', 19.63, 0, 'foc', NULL, NULL, 0, '2025-03-10 10:42:28', '2025-03-10 10:53:27'),
(43, NULL, 1, 4, 'served', 'dine_in', 17.33, 0, 'foc', NULL, NULL, 0, '2025-03-10 17:21:05', '2025-03-11 09:25:42'),
(44, NULL, 10, 4, 'served', 'dine_in', 57.66, 8, 'cash', NULL, NULL, 0, '2025-03-11 16:16:06', '2025-03-11 16:18:48'),
(45, NULL, 5, 6, 'served', 'dine_in', 68.45, 0, 'cash', NULL, NULL, 0, '2025-03-12 10:25:22', '2025-03-12 17:27:20'),
(46, NULL, 4, 6, 'served', 'dine_in', 20.71, 0, 'card', NULL, NULL, 0, '2025-03-12 10:48:06', '2025-03-12 17:27:24'),
(47, NULL, 14, 6, 'served', 'dine_in', 21.91, 0, 'cash', NULL, NULL, 0, '2025-03-12 11:03:59', '2025-03-12 17:27:34'),
(48, NULL, 5, 6, 'served', 'dine_in', 25.07, 0, 'foc', NULL, NULL, 0, '2025-03-12 11:11:38', '2025-03-12 17:27:39'),
(49, NULL, 4, 6, 'served', 'dine_in', 70.85, 0, 'card', NULL, NULL, 0, '2025-03-12 11:32:59', '2025-03-12 17:27:29'),
(50, NULL, 14, 6, 'served', 'dine_in', 47.85, 0, 'foc', NULL, NULL, 0, '2025-03-12 11:42:52', '2025-03-12 17:27:47'),
(51, NULL, 5, 6, 'served', 'dine_in', 8.18, 0, 'cash', NULL, NULL, 0, '2025-03-12 12:06:26', '2025-03-12 17:27:59'),
(52, NULL, 15, 5, 'served', 'dine_in', 153.69, 0, 'card', NULL, NULL, 0, '2025-03-12 15:16:35', '2025-03-12 16:09:56'),
(53, NULL, 15, 5, 'served', 'dine_in', 15.80, 0, 'card', NULL, NULL, 0, '2025-03-12 16:08:39', '2025-03-12 16:09:43'),
(54, NULL, 13, 5, 'served', 'takeaway', 18.42, 0, 'cash', NULL, NULL, 0, '2025-03-12 16:11:17', '2025-03-12 16:11:17'),
(55, NULL, 12, 5, 'served', 'dine_in', 91.46, 0, 'foc', NULL, NULL, 0, '2025-03-12 16:12:53', '2025-03-12 17:26:42'),
(56, NULL, 1, 5, 'served', 'takeaway', 36.27, 6, 'cash', NULL, NULL, 0, '2025-03-18 10:05:35', '2025-03-18 10:05:35'),
(57, NULL, 1, 5, 'served', 'takeaway', 18.42, 0, 'cash', NULL, NULL, 0, '2025-03-18 10:07:17', '2025-03-18 10:07:17'),
(58, NULL, 15, 5, 'served', 'takeaway', 23.33, 0, 'foc', NULL, NULL, 0, '2025-03-18 10:09:55', '2025-03-18 10:09:55'),
(59, NULL, 12, 5, 'served', 'takeaway', 46.83, 8, 'foc', NULL, NULL, 0, '2025-03-18 10:16:21', '2025-03-18 10:16:22'),
(60, NULL, 1, 5, 'served', 'takeaway', 47.41, 0, 'cash', NULL, NULL, 0, '2025-03-18 10:33:37', '2025-03-18 10:33:37'),
(61, NULL, 13, 5, 'served', 'dine_in', 41.54, 4, 'card', NULL, NULL, 0, '2025-03-18 13:04:48', '2025-03-18 13:29:22'),
(62, NULL, 1, 5, 'served', 'dine_in', 33.14, 0, 'card', NULL, NULL, 0, '2025-03-18 16:14:05', '2025-03-18 16:15:45'),
(63, NULL, 2, 4, 'served', 'dine_in', 33.79, 0, 'cash', NULL, NULL, 0, '2025-03-19 12:48:36', '2025-03-19 12:58:33'),
(64, 1, NULL, NULL, 'pending', 'takeaway', 28.78, NULL, 'cash', NULL, NULL, 0, '2025-03-19 13:08:16', '2025-03-19 13:08:16'),
(65, NULL, 4, 6, 'served', 'dine_in', 17.32, 6, 'qr', 'DFF65765', 'uploads\\proof\\1742449509862.png', 0, '2025-03-20 11:05:28', '2025-03-20 11:15:09'),
(66, NULL, 5, 6, 'served', 'dine_in', 27.78, 7, 'foc', NULL, NULL, 0, '2025-03-20 11:07:24', '2025-03-20 16:32:27'),
(67, NULL, 14, 6, 'served', 'dine_in', 17.98, 0, 'foc', NULL, NULL, 0, '2025-03-20 11:09:38', '2025-03-20 17:24:45'),
(68, 1, NULL, NULL, 'pending', 'takeaway', 107.37, NULL, 'cash', NULL, NULL, 0, '2025-03-24 09:35:51', '2025-03-24 09:35:51'),
(69, NULL, 2, 4, 'served', 'dine_in', 28.34, 0, 'card', NULL, NULL, 0, '2025-03-25 14:13:34', '2025-03-25 14:27:40'),
(70, NULL, 2, 4, 'pending', 'dine_in', 20.82, 4, NULL, NULL, NULL, 0, '2025-03-25 14:27:32', '2025-03-25 14:27:32'),
(71, NULL, 10, 4, 'served', 'takeaway', 21.15, 0, 'card', NULL, NULL, 0, '2025-03-25 14:32:23', '2025-03-25 14:32:23');

-- --------------------------------------------------------

--
-- Table structure for table `order_items`
--

CREATE TABLE `order_items` (
  `id` int(11) NOT NULL,
  `order_id` int(11) NOT NULL,
  `item_id` int(11) NOT NULL,
  `quantity` int(11) NOT NULL,
  `price` decimal(10,2) NOT NULL,
  `special_request` text DEFAULT NULL,
  `is_deleted` tinyint(1) NOT NULL DEFAULT 0,
  `created_at` datetime NOT NULL,
  `updated_at` datetime NOT NULL
) ENGINE=InnoDB DEFAULT CHARSET=utf8mb4 COLLATE=utf8mb4_general_ci;

--
-- Dumping data for table `order_items`
--

INSERT INTO `order_items` (`id`, `order_id`, `item_id`, `quantity`, `price`, `special_request`, `is_deleted`, `created_at`, `updated_at`) VALUES
(2, 3, 21, 1, 2.00, NULL, 0, '2025-02-27 16:11:35', '2025-02-27 16:11:35'),
(3, 3, 22, 1, 5.50, NULL, 0, '2025-02-27 16:11:35', '2025-02-27 16:11:35'),
(4, 3, 1, 1, 2.50, NULL, 0, '2025-02-27 16:11:35', '2025-02-27 16:11:35'),
(5, 5, 40, 2, 21.00, NULL, 0, '2025-02-27 16:37:36', '2025-02-27 16:37:36'),
(6, 7, 31, 2, 8.00, NULL, 0, '2025-02-27 16:51:31', '2025-02-27 16:51:31'),
(7, 7, 32, 1, 4.50, NULL, 0, '2025-02-27 16:51:31', '2025-02-27 16:51:31'),
(8, 8, 28, 1, 12.50, NULL, 0, '2025-02-27 17:30:19', '2025-02-27 17:30:19'),
(9, 9, 38, 1, 3.70, NULL, 0, '2025-02-27 17:40:03', '2025-02-27 17:40:03'),
(10, 10, 33, 1, 14.50, NULL, 0, '2025-02-28 09:59:33', '2025-02-28 09:59:33'),
(11, 10, 33, 1, 14.50, NULL, 0, '2025-02-28 10:00:12', '2025-02-28 10:00:12'),
(12, 10, 33, 1, 14.50, NULL, 0, '2025-02-28 10:00:53', '2025-02-28 10:00:53'),
(13, 11, 35, 1, 13.00, NULL, 0, '2025-02-28 10:09:01', '2025-02-28 10:09:01'),
(14, 11, 39, 1, 12.50, NULL, 0, '2025-02-28 10:11:17', '2025-02-28 10:11:17'),
(15, 11, 1, 1, 2.50, NULL, 0, '2025-02-28 11:06:54', '2025-02-28 11:06:54'),
(16, 12, 26, 1, 12.90, NULL, 0, '2025-02-28 13:09:49', '2025-02-28 13:09:49'),
(18, 14, 35, 1, 13.00, NULL, 0, '2025-03-01 12:29:54', '2025-03-01 12:29:54'),
(19, 15, 33, 1, 14.50, NULL, 0, '2025-03-01 12:32:13', '2025-03-01 12:32:13'),
(20, 15, 34, 1, 15.90, NULL, 0, '2025-03-01 12:32:13', '2025-03-01 12:32:13'),
(21, 15, 4, 1, 6.00, NULL, 0, '2025-03-01 12:32:48', '2025-03-01 12:32:48'),
(22, 16, 3, 1, 8.90, NULL, 0, '2025-03-01 12:34:20', '2025-03-01 12:34:20'),
(23, 17, 31, 1, 4.00, NULL, 0, '2025-03-01 12:42:04', '2025-03-01 12:42:04'),
(24, 18, 28, 1, 12.50, NULL, 0, '2025-03-01 12:45:58', '2025-03-01 12:45:58'),
(25, 19, 27, 1, 14.50, NULL, 0, '2025-03-01 12:49:20', '2025-03-01 12:49:20'),
(26, 20, 21, 1, 2.00, NULL, 0, '2025-03-01 12:49:43', '2025-03-01 12:49:43'),
(27, 21, 1, 1, 2.50, 'NO saltyy', 0, '2025-03-05 10:47:22', '2025-03-05 10:47:22'),
(28, 22, 39, 1, 12.50, '', 0, '2025-03-05 10:52:15', '2025-03-05 10:52:15'),
(29, 22, 40, 1, 10.50, '', 0, '2025-03-05 10:52:15', '2025-03-05 10:52:15'),
(30, 23, 35, 1, 13.00, '', 0, '2025-03-05 10:53:35', '2025-03-05 10:53:35'),
(31, 24, 23, 1, 16.90, '', 0, '2025-03-05 10:55:03', '2025-03-05 10:55:03'),
(32, 25, 39, 1, 12.50, '', 0, '2025-03-05 10:57:44', '2025-03-05 10:57:44'),
(33, 26, 30, 1, 10.00, '', 0, '2025-03-05 10:59:29', '2025-03-05 10:59:29'),
(34, 21, 27, 1, 14.50, NULL, 0, '2025-03-05 11:02:23', '2025-03-05 11:02:23'),
(35, 27, 3, 1, 8.90, '', 0, '2025-03-05 11:32:52', '2025-03-05 11:32:52'),
(36, 28, 36, 1, 18.00, '', 0, '2025-03-05 12:09:47', '2025-03-05 12:09:47'),
(37, 29, 38, 1, 3.70, '', 0, '2025-03-05 12:14:18', '2025-03-05 12:14:18'),
(38, 30, 30, 1, 10.00, '', 0, '2025-03-05 12:32:48', '2025-03-05 12:32:48'),
(39, 31, 38, 1, 3.70, '15', 0, '2025-03-05 14:10:55', '2025-03-05 14:10:55'),
(40, 32, 4, 1, 6.00, '2, 3', 0, '2025-03-05 14:18:21', '2025-03-05 14:18:21'),
(41, 35, 25, 1, 16.50, 'Less hot, with raita', 0, '2025-03-05 14:29:39', '2025-03-05 14:29:39'),
(42, 36, 23, 1, 16.90, 'Less hot', 0, '2025-03-05 14:32:23', '2025-03-05 14:32:23'),
(43, 36, 31, 1, 4.00, 'without ketup, with ketchup', 0, '2025-03-05 14:32:23', '2025-03-05 14:32:23'),
(44, 36, 26, 1, 12.90, 'more coriander', 0, '2025-03-05 14:32:23', '2025-03-05 14:32:23'),
(45, 36, 30, 1, 10.00, '', 0, '2025-03-05 14:32:23', '2025-03-05 14:32:23'),
(46, 36, 39, 1, 12.50, 'without onions', 0, '2025-03-05 14:32:23', '2025-03-05 14:32:23'),
(47, 37, 23, 1, 16.90, 'gravy included, raw onion', 0, '2025-03-06 10:41:58', '2025-03-06 10:41:58'),
(48, 38, 25, 1, 16.50, 'less salt, more spicy', 0, '2025-03-06 11:25:55', '2025-03-06 11:25:55'),
(49, 38, 30, 1, 10.00, 'more fruits', 0, '2025-03-06 11:25:55', '2025-03-06 11:25:55'),
(50, 38, 1, 1, 2.50, NULL, 0, '2025-03-06 11:26:25', '2025-03-06 11:26:25'),
(51, 37, 32, 1, 4.50, 'without ketup', 0, '2025-03-06 12:37:33', '2025-03-06 12:37:33'),
(52, 39, 35, 1, 13.00, 'more spices', 0, '2025-03-06 12:49:46', '2025-03-06 12:49:46'),
(53, 39, 34, 1, 15.90, 'more deep fried ', 0, '2025-03-06 12:49:46', '2025-03-06 12:49:46'),
(54, 40, 33, 1, 14.50, 'more deep fried ', 0, '2025-03-07 09:27:08', '2025-03-07 09:27:08'),
(55, 41, 22, 1, 5.50, '', 0, '2025-03-07 09:30:18', '2025-03-07 09:30:18'),
(56, 42, 22, 1, 5.50, 'more spicy', 0, '2025-03-10 10:42:28', '2025-03-10 10:42:28'),
(57, 42, 37, 1, 12.50, 'big platter', 0, '2025-03-10 10:52:50', '2025-03-10 10:52:50'),
(58, 43, 34, 1, 15.90, '', 0, '2025-03-10 17:21:05', '2025-03-10 17:21:05'),
(59, 44, 25, 1, 16.50, 'Less hot, gravy included, raw onion', 0, '2025-03-11 16:16:06', '2025-03-11 16:16:06'),
(60, 44, 33, 1, 14.50, 'more deep fried ', 0, '2025-03-11 16:16:06', '2025-03-11 16:16:06'),
(61, 44, 27, 1, 14.50, '', 0, '2025-03-11 16:16:06', '2025-03-11 16:16:06'),
(62, 44, 21, 1, 2.00, 'No salt', 0, '2025-03-11 16:18:07', '2025-03-11 16:18:07'),
(63, 44, 30, 1, 10.00, '', 0, '2025-03-11 16:18:07', '2025-03-11 16:18:07'),
(64, 45, 30, 1, 10.00, 'more fruits', 0, '2025-03-12 10:25:22', '2025-03-12 10:25:22'),
(65, 45, 31, 1, 4.00, 'with ketchup', 0, '2025-03-12 10:25:22', '2025-03-12 10:25:22'),
(66, 45, 3, 1, 8.90, 'more coriander', 0, '2025-03-12 10:27:12', '2025-03-12 10:27:12'),
(67, 45, 26, 1, 12.90, 'more coriander', 0, '2025-03-12 10:33:17', '2025-03-12 10:33:17'),
(68, 45, 33, 1, 14.50, 'more deep fried ', 0, '2025-03-12 10:34:12', '2025-03-12 10:34:12'),
(69, 45, 39, 1, 12.50, 'without onions', 0, '2025-03-12 10:37:15', '2025-03-12 10:37:15'),
(70, 46, 35, 1, 13.00, 'more spices', 0, '2025-03-12 10:48:06', '2025-03-12 10:48:06'),
(71, 46, 4, 1, 6.00, '', 0, '2025-03-12 10:48:06', '2025-03-12 10:48:06'),
(72, 47, 24, 1, 13.90, 'more spicy, gravy included, no onions ', 0, '2025-03-12 11:03:59', '2025-03-12 11:03:59'),
(73, 47, 1, 1, 2.50, 'less salt', 0, '2025-03-12 11:03:59', '2025-03-12 11:03:59'),
(74, 47, 38, 1, 3.70, 'more sweet', 0, '2025-03-12 11:03:59', '2025-03-12 11:03:59'),
(75, 48, 28, 1, 12.50, 'mayonaise', 0, '2025-03-12 11:11:38', '2025-03-12 11:11:38'),
(76, 48, 40, 1, 10.50, 'without onions', 0, '2025-03-12 11:11:38', '2025-03-12 11:11:38'),
(77, 49, 26, 1, 12.90, 'more coriander', 0, '2025-03-12 11:33:00', '2025-03-12 11:33:00'),
(78, 49, 4, 1, 6.00, '', 0, '2025-03-12 11:33:00', '2025-03-12 11:33:00'),
(79, 49, 36, 1, 18.00, 'more deep fried ', 0, '2025-03-12 11:33:00', '2025-03-12 11:33:00'),
(80, 49, 38, 1, 3.70, '', 0, '2025-03-12 11:33:00', '2025-03-12 11:33:00'),
(81, 49, 40, 1, 10.50, 'without onions', 0, '2025-03-12 11:33:00', '2025-03-12 11:33:00'),
(82, 49, 24, 1, 13.90, 'more spicy, boneless meat, gravy included, no ghee, raw onion', 0, '2025-03-12 11:33:00', '2025-03-12 11:33:00'),
(83, 50, 23, 1, 16.90, 'more spicy, gravy included, more ghee', 0, '2025-03-12 11:42:53', '2025-03-12 11:42:53'),
(84, 50, 27, 1, 14.50, 'mayonaise', 0, '2025-03-12 11:42:53', '2025-03-12 11:42:53'),
(85, 50, 39, 1, 12.50, '', 0, '2025-03-12 11:42:53', '2025-03-12 11:42:53'),
(86, 51, 21, 1, 2.00, 'less salt', 0, '2025-03-12 12:06:26', '2025-03-12 12:06:26'),
(87, 51, 22, 1, 5.50, '', 0, '2025-03-12 12:06:26', '2025-03-12 12:06:26'),
(88, 52, 29, 3, 49.50, 'mayonaise', 0, '2025-03-12 15:16:35', '2025-03-12 15:16:35'),
(89, 52, 34, 2, 31.80, '', 0, '2025-03-12 15:16:35', '2025-03-12 15:16:35'),
(90, 52, 38, 1, 3.70, 'more sweet', 0, '2025-03-12 15:16:35', '2025-03-12 15:16:35'),
(91, 52, 25, 1, 16.50, 'less spicy, gravy included, no ghee, no onions ', 0, '2025-03-12 15:16:35', '2025-03-12 15:16:35'),
(92, 52, 27, 1, 14.50, '', 0, '2025-03-12 16:06:33', '2025-03-12 16:06:33'),
(93, 52, 37, 2, 25.00, '', 0, '2025-03-12 16:06:33', '2025-03-12 16:06:33'),
(94, 53, 21, 1, 2.00, '', 0, '2025-03-12 16:08:39', '2025-03-12 16:08:39'),
(95, 53, 37, 1, 12.50, '', 0, '2025-03-12 16:08:39', '2025-03-12 16:08:39'),
(96, 54, 23, 1, 16.90, '', 0, '2025-03-12 16:11:17', '2025-03-12 16:11:17'),
(97, 55, 1, 1, 2.50, 'more spicy', 0, '2025-03-12 16:12:53', '2025-03-12 16:12:53'),
(98, 55, 28, 1, 12.50, 'mayonaise', 0, '2025-03-12 16:15:58', '2025-03-12 16:15:58'),
(99, 55, 26, 1, 12.90, 'more coriander', 0, '2025-03-12 16:18:03', '2025-03-12 16:18:03'),
(100, 55, 37, 1, 12.50, 'big platter', 0, '2025-03-12 16:52:23', '2025-03-12 16:52:23'),
(101, 55, 25, 1, 16.50, 'less spicy, Less hot, less salt, gravy not included, more ghee, raw onion', 0, '2025-03-12 16:52:23', '2025-03-12 16:52:23'),
(102, 55, 27, 1, 14.50, '', 0, '2025-03-12 16:54:00', '2025-03-12 16:54:00'),
(103, 55, 28, 1, 12.50, '', 0, '2025-03-12 16:54:00', '2025-03-12 16:54:00'),
(104, 56, 3, 1, 8.90, '', 0, '2025-03-18 10:05:35', '2025-03-18 10:05:35'),
(105, 56, 32, 1, 4.50, 'with ketchup', 0, '2025-03-18 10:05:35', '2025-03-18 10:05:35'),
(106, 56, 43, 1, 14.00, 'without onions', 0, '2025-03-18 10:05:35', '2025-03-18 10:05:35'),
(107, 56, 42, 4, 8.00, '', 0, '2025-03-18 10:05:35', '2025-03-18 10:05:35'),
(108, 57, 23, 1, 16.90, 'with raita, less spicy, Less hot', 0, '2025-03-18 10:07:17', '2025-03-18 10:07:17'),
(109, 58, 26, 1, 12.90, '', 0, '2025-03-18 10:09:55', '2025-03-18 10:09:55'),
(110, 58, 42, 2, 4.00, '', 0, '2025-03-18 10:09:55', '2025-03-18 10:09:55'),
(111, 58, 32, 1, 4.50, 'with ketchup', 0, '2025-03-18 10:09:55', '2025-03-18 10:09:55'),
(112, 59, 26, 1, 12.90, 'more coriander', 0, '2025-03-18 10:16:21', '2025-03-18 10:16:21'),
(113, 59, 42, 1, 2.00, '', 0, '2025-03-18 10:16:21', '2025-03-18 10:16:21'),
(114, 59, 34, 2, 31.80, 'more deep fried ', 0, '2025-03-18 10:16:21', '2025-03-18 10:16:21'),
(115, 60, 27, 1, 14.50, 'mayonaise', 0, '2025-03-18 10:33:37', '2025-03-18 10:33:37'),
(116, 60, 28, 1, 12.50, '', 0, '2025-03-18 10:33:37', '2025-03-18 10:33:37'),
(117, 60, 29, 1, 16.50, '', 0, '2025-03-18 10:33:37', '2025-03-18 10:33:37'),
(118, 61, 22, 1, 5.50, 'less salt, more spicy, extra thicc', 0, '2025-03-18 13:04:48', '2025-03-18 13:04:48'),
(119, 61, 30, 1, 10.00, '', 0, '2025-03-18 13:04:48', '2025-03-18 13:04:48'),
(120, 61, 33, 1, 14.50, '', 0, '2025-03-18 13:05:10', '2025-03-18 13:05:10'),
(121, 61, 31, 1, 4.00, '', 0, '2025-03-18 13:05:10', '2025-03-18 13:05:10'),
(122, 61, 38, 1, 3.70, '', 0, '2025-03-18 13:29:09', '2025-03-18 13:29:09'),
(123, 61, 42, 1, 2.00, '', 0, '2025-03-18 13:29:09', '2025-03-18 13:29:09'),
(124, 62, 35, 1, 13.00, 'more spices', 0, '2025-03-18 16:14:05', '2025-03-18 16:14:05'),
(125, 62, 26, 1, 12.90, '', 0, '2025-03-18 16:14:05', '2025-03-18 16:14:05'),
(126, 62, 1, 1, 2.50, 'less salt, extra vegetables', 0, '2025-03-18 16:14:05', '2025-03-18 16:14:05'),
(127, 62, 42, 1, 2.00, '', 0, '2025-03-18 16:15:21', '2025-03-18 16:15:21'),
(128, 63, 35, 1, 13.00, '', 0, '2025-03-19 12:48:36', '2025-03-19 12:48:36'),
(129, 63, 36, 1, 18.00, '', 0, '2025-03-19 12:48:36', '2025-03-19 12:48:36'),
(130, 64, 31, 1, 4.00, NULL, 0, '2025-03-19 13:08:16', '2025-03-19 13:08:16'),
(131, 64, 23, 1, 16.90, NULL, 0, '2025-03-19 13:08:16', '2025-03-19 13:08:16'),
(132, 64, 22, 1, 5.50, NULL, 0, '2025-03-19 13:08:16', '2025-03-19 13:08:16'),
(133, 65, 23, 1, 16.90, '', 0, '2025-03-20 11:05:28', '2025-03-20 11:05:28'),
(134, 66, 26, 1, 12.90, '', 0, '2025-03-20 11:07:24', '2025-03-20 11:07:24'),
(135, 66, 27, 1, 14.50, '', 0, '2025-03-20 11:07:24', '2025-03-20 11:07:24'),
(136, 67, 42, 1, 2.00, '', 0, '2025-03-20 11:09:39', '2025-03-20 11:09:39'),
(137, 67, 33, 1, 14.50, 'more deep fried ', 0, '2025-03-20 11:23:49', '2025-03-20 11:23:49'),
(138, 68, 43, 1, 14.00, NULL, 0, '2025-03-24 09:35:51', '2025-03-24 09:35:51'),
(139, 68, 39, 1, 12.50, NULL, 0, '2025-03-24 09:35:51', '2025-03-24 09:35:51'),
(140, 68, 36, 4, 72.00, NULL, 0, '2025-03-24 09:35:51', '2025-03-24 09:35:51'),
(141, 69, 22, 1, 5.50, 'less salt, more spicy', 0, '2025-03-25 14:13:34', '2025-03-25 14:13:34'),
(142, 69, 31, 1, 4.00, '', 0, '2025-03-25 14:13:34', '2025-03-25 14:13:34'),
(143, 69, 25, 1, 16.50, '', 0, '2025-03-25 14:13:34', '2025-03-25 14:13:34'),
(144, 70, 24, 1, 13.90, '', 0, '2025-03-25 14:27:32', '2025-03-25 14:27:32'),
(145, 70, 4, 1, 6.00, '', 0, '2025-03-25 14:27:32', '2025-03-25 14:27:32'),
(146, 71, 1, 1, 2.50, '', 0, '2025-03-25 14:32:23', '2025-03-25 14:32:23'),
(147, 71, 23, 1, 16.90, '', 0, '2025-03-25 14:32:23', '2025-03-25 14:32:23');

-- --------------------------------------------------------

--
-- Table structure for table `restaurant_schedule`
--

CREATE TABLE `restaurant_schedule` (
  `id` int(11) NOT NULL,
  `date` date NOT NULL,
  `opening_time` time DEFAULT NULL,
  `closing_time` time DEFAULT NULL,
  `is_holiday` tinyint(1) DEFAULT 0
) ENGINE=InnoDB DEFAULT CHARSET=utf8mb4 COLLATE=utf8mb4_general_ci;

--
-- Dumping data for table `restaurant_schedule`
--

INSERT INTO `restaurant_schedule` (`id`, `date`, `opening_time`, `closing_time`, `is_holiday`) VALUES
(1, '2025-02-28', '09:30:00', '18:30:00', 0),
(2, '2025-03-01', '11:00:00', '23:30:00', 0),
(4, '2025-02-27', '10:00:00', '23:30:00', 0),
(6, '2025-02-26', '11:00:00', '18:30:00', 0),
(7, '2025-03-09', NULL, NULL, 1),
(8, '2025-03-16', NULL, NULL, 1),
(9, '2025-03-05', '09:00:00', '23:30:00', 0),
(10, '2025-03-10', '10:00:00', '18:00:00', 0),
(11, '2025-03-06', '11:00:00', '23:30:00', 0),
(12, '2025-03-07', '09:00:00', '23:30:00', 0),
(13, '2025-03-08', '09:00:00', '23:30:00', 0),
(14, '2025-03-11', '09:30:00', '18:30:00', 0),
(15, '2025-03-18', '09:30:00', '18:30:00', 0),
(16, '2025-03-21', NULL, NULL, 1),
(17, '2025-03-23', NULL, NULL, 1),
(18, '2025-03-26', '13:00:00', '18:30:00', 0),
(19, '2025-03-30', NULL, NULL, 1),
(20, '2025-03-31', NULL, NULL, 1),
(21, '2025-03-27', NULL, NULL, 1),
(22, '2025-03-25', '09:30:00', '18:30:00', 0);

-- --------------------------------------------------------

--
-- Table structure for table `restaurant_settings`
--

CREATE TABLE `restaurant_settings` (
  `id` int(11) NOT NULL,
  `opening_time` time NOT NULL DEFAULT '11:00:00',
  `closing_time` time NOT NULL DEFAULT '23:30:00'
) ENGINE=InnoDB DEFAULT CHARSET=utf8mb4 COLLATE=utf8mb4_general_ci;

--
-- Dumping data for table `restaurant_settings`
--

INSERT INTO `restaurant_settings` (`id`, `opening_time`, `closing_time`) VALUES
(3, '09:30:00', '18:30:00');

-- --------------------------------------------------------

--
-- Table structure for table `tables`
--

CREATE TABLE `tables` (
  `id` int(11) NOT NULL,
  `table_number` int(11) NOT NULL,
  `capacity` int(11) NOT NULL,
  `status` enum('available','reserved','occupied') NOT NULL,
  `assigned_waiter` int(11) DEFAULT NULL,
  `is_deleted` tinyint(1) NOT NULL DEFAULT 0,
  `created_at` datetime NOT NULL,
  `updated_at` datetime NOT NULL
) ENGINE=InnoDB DEFAULT CHARSET=utf8mb4 COLLATE=utf8mb4_general_ci;

--
-- Dumping data for table `tables`
--

INSERT INTO `tables` (`id`, `table_number`, `capacity`, `status`, `assigned_waiter`, `is_deleted`, `created_at`, `updated_at`) VALUES
(1, 101, 5, 'available', 5, 0, '2025-02-06 06:24:35', '2025-03-26 14:40:57'),
(2, 102, 4, 'available', 14, 0, '2025-02-06 06:24:54', '2025-03-25 17:52:16'),
(3, 103, 4, 'available', 14, 0, '2025-02-06 06:24:59', '2025-03-25 17:52:26'),
(4, 104, 4, 'available', 6, 0, '2025-02-06 06:25:03', '2025-02-18 11:21:32'),
(5, 105, 8, 'available', 6, 0, '2025-02-06 06:25:15', '2025-02-18 11:21:39'),
(10, 106, 8, 'available', 4, 0, '2025-02-06 06:42:45', '2025-02-06 10:34:20'),
(12, 107, 9, 'available', 5, 0, '2025-02-06 10:32:54', '2025-02-06 10:34:21'),
(13, 108, 6, 'available', 5, 0, '2025-02-07 04:56:59', '2025-02-07 04:56:59'),
(14, 109, 7, 'available', 6, 0, '2025-02-07 04:57:14', '2025-02-18 11:21:48'),
(15, 110, 3, 'available', 5, 0, '2025-02-07 05:44:26', '2025-02-07 05:44:26'),
(16, 111, 7, 'available', 7, 0, '2025-02-24 04:17:37', '2025-02-24 04:17:37'),
(17, 100, 3, 'available', 9, 0, '2025-03-22 16:45:58', '2025-03-22 16:45:58'),
(18, 112, 6, 'available', 5, 0, '2025-03-25 14:33:28', '2025-03-25 14:33:28'),
(19, 113, 4, 'available', 14, 0, '2025-03-25 17:52:00', '2025-03-25 17:52:00');

-- --------------------------------------------------------

--
-- Table structure for table `users`
--

CREATE TABLE `users` (
  `id` int(11) NOT NULL,
  `name` varchar(100) NOT NULL,
  `email` varchar(100) NOT NULL,
  `phone` varchar(15) NOT NULL,
  `password` varchar(255) NOT NULL,
  `role` enum('admin','waiter','receptionist','kitchen','customer') NOT NULL,
  `profile_pic` text DEFAULT NULL,
  `created_at` datetime DEFAULT NULL,
  `updated_at` datetime DEFAULT NULL,
  `is_deleted` tinyint(1) NOT NULL DEFAULT 0
) ENGINE=InnoDB DEFAULT CHARSET=utf8mb4 COLLATE=utf8mb4_general_ci;

--
-- Dumping data for table `users`
--

INSERT INTO `users` (`id`, `name`, `email`, `phone`, `password`, `role`, `profile_pic`, `created_at`, `updated_at`, `is_deleted`) VALUES
(1, 'admin', 'admin@gmail.com', '9688844421', '$2a$10$VrcVofRE0TbnkMgBZDuS8.gZL43VVjgfu814EE4mMsvpSVTgV/rI6', 'admin', 'uploads\\1738411026126.png', '2025-02-01 11:57:06', '2025-02-05 12:05:23', 0),
(2, 'reception', 'reception@gmail.com', '9244632122', '$2a$10$IUJek2I8bdRG8FLdfVCjUOBsKgCOSmMHTNoeeGyWf6ZPiME.MT7Mm', 'receptionist', 'uploads\\1738411088729.png', '2025-02-01 11:58:08', '2025-02-05 12:05:53', 0),
(3, 'kitchen', 'kitchen@gmail.com', '9894598771', '$2a$10$/G0IM9/BIiWsGWm66xTDGe8J3SO9egJH75N1MBOWZ857QeQl3ra8a', 'kitchen', 'uploads\\1738411295331.png', '2025-02-01 12:01:35', '2025-02-26 16:30:25', 0),
(4, 'waiter', 'waiter@gmail.com', '9517538426', '$2a$10$M8e7BO9vdZ/ysJ4V2OlY5erW7FusxbKQIXOn6EspYKziFdzmX3GOS', 'waiter', 'uploads\\1738411813158.png', '2025-02-01 12:10:13', '2025-03-14 12:13:55', 0),
(5, 'waiter1', 'waiter1@gmail.com', '8428452251', '$2a$10$xBDo1gFGqp6QWmZQD65Y0uLVOKzEyvvHun1iM/GoO08U6AeaePaMG', 'waiter', 'uploads\\1738836374679.png', '2025-02-06 10:06:14', '2025-02-06 10:06:14', 0),
(6, 'waiter2', 'waiter2@gmail.com', '8745963210', '$2a$10$GtL97DMwp0ClMR5LScW2jeyficUNlpL0H6BiUGh3WBWiVn197Z9Yq', 'waiter', 'uploads\\1739877623466.png', '2025-02-18 11:20:23', '2025-02-18 11:20:23', 0),
(7, 'waiter3', 'waiter3@gmail.com', '01234567890', '$2a$10$IszEAsHhqsu08sXn50dZn.yly85Ixg1bklWy6/EOa6f/EiOgtfbtK', 'waiter', 'uploads\\1740370487896.png', '2025-02-24 04:14:47', '2025-03-11 15:26:25', 0),
(8, 'reception2', 'reception2@gmail.com', '09517538426', '$2a$10$4wj9QCUWhyZGM5QLM95V0uI2BscHKj/huP5gQ7TxGJAQyN1OYsiJi', 'receptionist', NULL, '2025-03-14 12:44:27', '2025-03-15 15:36:58', 0),
(9, 'sri', 'pradee@gmail.com', '1232654878', '$2a$10$xSYuvjOmxIBvq/9eqPbTeedeS2qzu9sMG8ayIog77Iir4FmE3f0rq', 'waiter', NULL, '2025-03-22 16:42:58', '2025-03-22 16:42:58', 0),
(13, 'lakshu', 'lakshu@gmail.com', '9987546853', '$2a$10$3u2oZXr7enBQuyoINDu0s.5TPS5u9L6PbqJJHxqefV05PjEpnpftC', 'waiter', NULL, '2025-03-25 15:19:34', '2025-03-25 15:19:34', 0),
(14, 'Hameem', 'abc@gnail.com', '8956203448', '$2a$10$yaN7N7G.Fs4QfXyQiZDzku5HhqCftGCrqXg25oWvbl890aJcov7jK', 'waiter', 'uploads\\1742905096475.png', '2025-03-25 17:48:16', '2025-03-25 17:51:20', 0);

--
-- Indexes for dumped tables
--

--
-- Indexes for table `categories`
--
ALTER TABLE `categories`
  ADD PRIMARY KEY (`id`),
  ADD UNIQUE KEY `name` (`name`);

--
-- Indexes for table `cooking_comments`
--
ALTER TABLE `cooking_comments`
  ADD PRIMARY KEY (`id`),
  ADD KEY `category_id` (`category_id`);

--
-- Indexes for table `customers`
--
ALTER TABLE `customers`
  ADD PRIMARY KEY (`id`);

--
-- Indexes for table `items`
--
ALTER TABLE `items`
  ADD PRIMARY KEY (`id`),
  ADD KEY `category_id` (`category_id`);

--
-- Indexes for table `orders`
--
ALTER TABLE `orders`
  ADD PRIMARY KEY (`id`),
  ADD KEY `customer_id` (`customer_id`),
  ADD KEY `table_id` (`table_id`),
  ADD KEY `waiter_id` (`waiter_id`);

--
-- Indexes for table `order_items`
--
ALTER TABLE `order_items`
  ADD PRIMARY KEY (`id`),
  ADD KEY `order_id` (`order_id`),
  ADD KEY `item_id` (`item_id`);

--
-- Indexes for table `restaurant_schedule`
--
ALTER TABLE `restaurant_schedule`
  ADD PRIMARY KEY (`id`),
  ADD UNIQUE KEY `date` (`date`);

--
-- Indexes for table `restaurant_settings`
--
ALTER TABLE `restaurant_settings`
  ADD PRIMARY KEY (`id`);

--
-- Indexes for table `tables`
--
ALTER TABLE `tables`
  ADD PRIMARY KEY (`id`),
  ADD UNIQUE KEY `table_number` (`table_number`),
  ADD KEY `assigned_waiter` (`assigned_waiter`);

--
-- Indexes for table `users`
--
ALTER TABLE `users`
  ADD PRIMARY KEY (`id`),
  ADD UNIQUE KEY `email` (`email`),
  ADD UNIQUE KEY `phone` (`phone`);

--
-- AUTO_INCREMENT for dumped tables
--

--
-- AUTO_INCREMENT for table `categories`
--
ALTER TABLE `categories`
  MODIFY `id` int(11) NOT NULL AUTO_INCREMENT, AUTO_INCREMENT=36;

--
-- AUTO_INCREMENT for table `cooking_comments`
--
ALTER TABLE `cooking_comments`
  MODIFY `id` int(11) NOT NULL AUTO_INCREMENT, AUTO_INCREMENT=55;

--
-- AUTO_INCREMENT for table `customers`
--
ALTER TABLE `customers`
  MODIFY `id` int(11) NOT NULL AUTO_INCREMENT, AUTO_INCREMENT=11;

--
-- AUTO_INCREMENT for table `items`
--
ALTER TABLE `items`
  MODIFY `id` int(11) NOT NULL AUTO_INCREMENT, AUTO_INCREMENT=46;

--
-- AUTO_INCREMENT for table `orders`
--
ALTER TABLE `orders`
  MODIFY `id` int(11) NOT NULL AUTO_INCREMENT, AUTO_INCREMENT=72;

--
-- AUTO_INCREMENT for table `order_items`
--
ALTER TABLE `order_items`
  MODIFY `id` int(11) NOT NULL AUTO_INCREMENT, AUTO_INCREMENT=148;

--
-- AUTO_INCREMENT for table `restaurant_schedule`
--
ALTER TABLE `restaurant_schedule`
  MODIFY `id` int(11) NOT NULL AUTO_INCREMENT, AUTO_INCREMENT=23;

--
-- AUTO_INCREMENT for table `restaurant_settings`
--
ALTER TABLE `restaurant_settings`
  MODIFY `id` int(11) NOT NULL AUTO_INCREMENT, AUTO_INCREMENT=4;

--
-- AUTO_INCREMENT for table `tables`
--
ALTER TABLE `tables`
  MODIFY `id` int(11) NOT NULL AUTO_INCREMENT, AUTO_INCREMENT=20;

--
-- AUTO_INCREMENT for table `users`
--
ALTER TABLE `users`
  MODIFY `id` int(11) NOT NULL AUTO_INCREMENT, AUTO_INCREMENT=15;

--
-- Constraints for dumped tables
--

--
-- Constraints for table `cooking_comments`
--
ALTER TABLE `cooking_comments`
  ADD CONSTRAINT `cooking_comments_ibfk_1` FOREIGN KEY (`category_id`) REFERENCES `categories` (`id`) ON DELETE CASCADE ON UPDATE CASCADE;

--
-- Constraints for table `items`
--
ALTER TABLE `items`
  ADD CONSTRAINT `items_ibfk_1` FOREIGN KEY (`category_id`) REFERENCES `categories` (`id`) ON DELETE CASCADE ON UPDATE CASCADE;

--
-- Constraints for table `orders`
--
ALTER TABLE `orders`
  ADD CONSTRAINT `orders_ibfk_1` FOREIGN KEY (`customer_id`) REFERENCES `customers` (`id`) ON DELETE CASCADE ON UPDATE CASCADE,
  ADD CONSTRAINT `orders_ibfk_2` FOREIGN KEY (`table_id`) REFERENCES `tables` (`id`) ON DELETE CASCADE ON UPDATE CASCADE,
  ADD CONSTRAINT `orders_ibfk_3` FOREIGN KEY (`waiter_id`) REFERENCES `users` (`id`) ON DELETE CASCADE ON UPDATE CASCADE;

--
-- Constraints for table `order_items`
--
ALTER TABLE `order_items`
  ADD CONSTRAINT `order_items_ibfk_1` FOREIGN KEY (`order_id`) REFERENCES `orders` (`id`) ON DELETE CASCADE ON UPDATE CASCADE,
  ADD CONSTRAINT `order_items_ibfk_2` FOREIGN KEY (`item_id`) REFERENCES `items` (`id`) ON DELETE CASCADE ON UPDATE CASCADE;

--
-- Constraints for table `tables`
--
ALTER TABLE `tables`
  ADD CONSTRAINT `tables_ibfk_1` FOREIGN KEY (`assigned_waiter`) REFERENCES `users` (`id`) ON DELETE CASCADE ON UPDATE CASCADE;
COMMIT;

/*!40101 SET CHARACTER_SET_CLIENT=@OLD_CHARACTER_SET_CLIENT */;
/*!40101 SET CHARACTER_SET_RESULTS=@OLD_CHARACTER_SET_RESULTS */;
/*!40101 SET COLLATION_CONNECTION=@OLD_COLLATION_CONNECTION */;
